id,first_name,last_name,email,adres
1,Diannne,Skace,dskace0@wisc.edu,Room 1181
2,Petronille,MacAndrew,pmacandrew1@homestead.com,Apt 1305
3,Melisandra,Rodmell,mrodmell2@nasa.gov,Apt 424
4,Elbert,Titterton,etitterton3@dion.ne.jp,Room 125
5,Mathew,Wetherick,mwetherick4@goo.gl,Apt 1434
6,Avery,Carlesi,acarlesi5@patch.com,Apt 967
7,Tedmund,Hambleton,thambleton6@craigslist.org,Room 727
8,Amii,Sarginson,asarginson7@squidoo.com,Apt 334
9,Marie,O' Bee,mobee8@google.ru,PO Box 39334
10,Herold,Berkeley,hberkeley9@time.com,Suite 84
11,Bevon,Middle,bmiddlea@ucla.edu,5th Floor
12,Cris,Greenacre,cgreenacreb@google.it,Suite 87
13,Elliott,Packham,epackhamc@blogtalkradio.com,20th Floor
14,Peg,Noades,pnoadesd@answers.com,6th Floor
15,Dalenna,Childrens,dchildrense@abc.net.au,PO Box 53375
16,Lindsay,Aleso,lalesof@moonfruit.com,PO Box 53684
17,Grayce,Siemandl,gsiemandlg@hp.com,Apt 201
18,David,Iacobini,diacobinih@cdc.gov,Suite 5
19,Barbi,Bohike,bbohikei@seattletimes.com,Room 226
20,Jeffy,Mackelworth,jmackelworthj@reddit.com,Room 1388
21,Gale,Dalzell,gdalzellk@washington.edu,Apt 508
22,Ulrike,Darrington,udarringtonl@sciencedirect.com,Room 624
23,Moselle,Ruthen,mruthenm@uiuc.edu,Suite 4
24,Danya,Taile,dtailen@bandcamp.com,Apt 644
25,Ursola,Serrell,userrello@nifty.com,3rd Floor
26,Norbie,Gosselin,ngosselinp@tinypic.com,Apt 422
27,Jilli,Hitter,jhitterq@hubpages.com,Apt 1219
28,Noelani,Ouldcott,nouldcottr@ow.ly,6th Floor
29,Benjy,Avis,baviss@thetimes.co.uk,PO Box 23461
30,Haze,Ramard,hramardt@ed.gov,PO Box 56044
31,Issiah,Dettmar,idettmaru@diigo.com,Apt 1986
32,Kristien,Ring,kringv@salon.com,Suite 89
33,Terencio,Haysey,thayseyw@dyndns.org,Suite 46
34,Carline,Ambrogioli,cambrogiolix@psu.edu,Suite 63
35,Milissent,McWaters,mmcwatersy@zimbio.com,18th Floor
36,Miran,Cawston,mcawstonz@yellowpages.com,PO Box 99983
37,Esteban,Speedy,espeedy10@blogtalkradio.com,3rd Floor
38,Eudora,Howgate,ehowgate11@independent.co.uk,Apt 1879
39,Bekki,Daniello,bdaniello12@wikimedia.org,PO Box 26014
40,Sibylla,Ferrara,sferrara13@mapy.cz,Room 1936
41,Torr,Fache,tfache14@qq.com,Apt 839
42,Tiffanie,Burkitt,tburkitt15@people.com.cn,Room 437
43,Benjie,Polle,bpolle16@toplist.cz,2nd Floor
44,Ichabod,Tanti,itanti17@imgur.com,6th Floor
45,Artemas,Arundel,aarundel18@wikispaces.com,Room 1256
46,Clark,Barenskie,cbarenskie19@usa.gov,Suite 5
47,Kev,Catford,kcatford1a@dailymotion.com,Suite 66
48,Cybill,Bithell,cbithell1b@senate.gov,PO Box 69757
49,Gweneth,Polo,gpolo1c@jalbum.net,Apt 1450
50,Meggie,Burtwhistle,mburtwhistle1d@w3.org,Room 498
51,Nina,Jurkiewicz,njurkiewicz1e@nationalgeographic.com,18th Floor
52,Addison,Cheal,acheal1f@gravatar.com,Apt 1554
53,Dian,Ughi,dughi1g@uol.com.br,Room 1069
54,Ilene,Linklater,ilinklater1h@mayoclinic.com,PO Box 57820
55,Erena,Casassa,ecasassa1i@dedecms.com,PO Box 38096
56,Izabel,Edwick,iedwick1j@ifeng.com,PO Box 93336
57,Katine,Warin,kwarin1k@rediff.com,20th Floor
58,Layton,Havers,lhavers1l@booking.com,18th Floor
59,Carlita,Vittori,cvittori1m@pcworld.com,4th Floor
60,Darya,Hartegan,dhartegan1n@nature.com,PO Box 76103
61,Loria,Endle,lendle1o@cmu.edu,Suite 59
62,Krisha,Reville,kreville1p@house.gov,Suite 69
63,Suzie,Monaghan,smonaghan1q@slate.com,PO Box 70763
64,Korie,Jelliman,kjelliman1r@google.de,Apt 264
65,Stillmann,Fernehough,sfernehough1s@howstuffworks.com,Suite 52
66,Lindie,Ragate,lragate1t@apple.com,11th Floor
67,Gabriel,Hindrick,ghindrick1u@army.mil,Suite 36
68,Maddy,Wheaton,mwheaton1v@twitpic.com,Apt 473
69,Thomasina,Studdert,tstuddert1w@studiopress.com,Suite 75
70,Markos,Hedingham,mhedingham1x@webeden.co.uk,Apt 686
71,Florentia,Furst,ffurst1y@hhs.gov,Room 1086
72,Carree,Ewan,cewan1z@mlb.com,PO Box 59747
73,Goldy,Mitrovic,gmitrovic20@symantec.com,Apt 500
74,Beverley,Heap,bheap21@samsung.com,Room 955
75,Max,Silby,msilby22@google.pl,Room 1850
76,Hector,Ferrige,hferrige23@sakura.ne.jp,3rd Floor
77,Dodie,McKim,dmckim24@ted.com,Apt 1716
78,Alwin,Diemer,adiemer25@comsenz.com,Room 1929
79,Bancroft,Janu,bjanu26@macromedia.com,PO Box 7379
80,Selestina,Lowy,slowy27@dailymotion.com,Apt 1751
81,Spike,Brabbins,sbrabbins28@indiegogo.com,Apt 1642
82,Alison,Staig,astaig29@redcross.org,Apt 48
83,Reuven,Leathers,rleathers2a@wisc.edu,PO Box 91038
84,Darrick,Esseby,desseby2b@creativecommons.org,Apt 1777
85,Ninnette,Markie,nmarkie2c@state.gov,PO Box 69797
86,Glory,Paaso,gpaaso2d@mac.com,13th Floor
87,Teador,Breens,tbreens2e@hubpages.com,Apt 1480
88,Nickola,Misken,nmisken2f@nymag.com,PO Box 26775
89,Isadore,Emslie,iemslie2g@networksolutions.com,PO Box 10235
90,Amalle,McElhargy,amcelhargy2h@springer.com,PO Box 75013
91,Cristobal,Deville,cdeville2i@google.de,Apt 784
92,Guss,Aizikowitz,gaizikowitz2j@google.it,PO Box 87562
93,Conni,Berends,cberends2k@dedecms.com,Room 1075
94,Ginny,Lewisham,glewisham2l@bluehost.com,Room 899
95,Chiarra,Jellybrand,cjellybrand2m@de.vu,Apt 1044
96,Kirbie,Gaitskell,kgaitskell2n@ning.com,18th Floor
97,Brade,Howerd,bhowerd2o@youtube.com,Apt 629
98,Barnett,Sondland,bsondland2p@mashable.com,PO Box 77553
99,Roxi,Bottomer,rbottomer2q@mtv.com,20th Floor
100,Alley,MacColm,amaccolm2r@themeforest.net,Suite 11
101,Constantia,Bradder,cbradder2s@fda.gov,4th Floor
102,Vinita,Tolomio,vtolomio2t@quantcast.com,Suite 46
103,Phaidra,Caley,pcaley2u@cpanel.net,Suite 93
104,Torre,Forster,tforster2v@sakura.ne.jp,Suite 76
105,Nicol,Witchell,nwitchell2w@lycos.com,Suite 86
106,Suzanna,Goble,sgoble2x@flickr.com,PO Box 73171
107,Clarissa,Whyley,cwhyley2y@mediafire.com,Apt 170
108,Dore,Juett,djuett2z@xing.com,Suite 52
109,Glenine,Spurdle,gspurdle30@edublogs.org,PO Box 98793
110,Sarina,Leatherborrow,sleatherborrow31@techcrunch.com,PO Box 99659
111,Rena,Evison,revison32@wp.com,Suite 62
112,Scarface,Mundle,smundle33@fda.gov,PO Box 4653
113,Jade,Franks,jfranks34@technorati.com,17th Floor
114,Iris,Beidebeke,ibeidebeke35@nps.gov,Suite 92
115,Corbett,Lovemore,clovemore36@wikipedia.org,Room 601
116,Gianina,Bonas,gbonas37@archive.org,Room 1257
117,Belia,Wilsher,bwilsher38@ucla.edu,11th Floor
118,Edwina,Koche,ekoche39@smugmug.com,PO Box 92586
119,Kacey,Abramino,kabramino3a@addtoany.com,Suite 98
120,Mata,Gligoraci,mgligoraci3b@shutterfly.com,2nd Floor
121,Adara,Wildbore,awildbore3c@wp.com,Room 1642
122,Drona,Sporton,dsporton3d@twitpic.com,6th Floor
123,Tammie,Mouland,tmouland3e@spiegel.de,PO Box 51357
124,Ferdinanda,Carles,fcarles3f@fema.gov,10th Floor
125,Dorie,Pawden,dpawden3g@umich.edu,Room 865
126,Ainslee,Gussie,agussie3h@imgur.com,Apt 1943
127,Bunnie,Bater,bbater3i@goo.gl,Suite 73
128,Aleen,Shaw,ashaw3j@naver.com,16th Floor
129,Tybalt,Olech,tolech3k@pcworld.com,3rd Floor
130,Friedrich,Tassell,ftassell3l@youku.com,PO Box 54310
131,Ware,Matthensen,wmatthensen3m@list-manage.com,Room 1259
132,Kore,Rottger,krottger3n@blogs.com,13th Floor
133,Wittie,Passie,wpassie3o@squarespace.com,Room 348
134,Ethel,Binstead,ebinstead3p@senate.gov,17th Floor
135,Emelyne,Wickerson,ewickerson3q@artisteer.com,Apt 85
136,Trudy,Edmondson,tedmondson3r@cloudflare.com,Apt 1949
137,Allegra,Norfolk,anorfolk3s@biblegateway.com,Room 1229
138,Patrice,Buckenham,pbuckenham3t@myspace.com,Apt 651
139,Randall,Mewrcik,rmewrcik3u@admin.ch,7th Floor
140,Udale,Deniscke,udeniscke3v@patch.com,Suite 13
141,Reinaldo,Bilbie,rbilbie3w@wunderground.com,Suite 87
142,Karlotte,Maffin,kmaffin3x@taobao.com,PO Box 46537
143,Willyt,Spurdens,wspurdens3y@so-net.ne.jp,PO Box 86245
144,Arlyne,Bohey,abohey3z@wiley.com,Apt 837
145,Garv,Belchamber,gbelchamber40@liveinternet.ru,Room 770
146,Baryram,Olle,bolle41@ca.gov,Apt 1280
147,Reider,Bein,rbein42@quantcast.com,Suite 50
148,Berthe,Galbreth,bgalbreth43@booking.com,Room 330
149,Alleen,Sturm,asturm44@dagondesign.com,Room 697
150,Borden,Blanchette,bblanchette45@goodreads.com,PO Box 3455
151,D'arcy,Goulston,dgoulston46@china.com.cn,Apt 1703
152,Davidson,Prall,dprall47@gov.uk,Apt 1702
153,Gustie,Macvain,gmacvain48@foxnews.com,PO Box 43244
154,Hew,Kerton,hkerton49@aboutads.info,PO Box 95689
155,Tracie,Molineaux,tmolineaux4a@cnet.com,PO Box 49898
156,Emlynn,Itzkovich,eitzkovich4b@netvibes.com,Room 1691
157,Iormina,Spacy,ispacy4c@statcounter.com,17th Floor
158,Jamaal,Costall,jcostall4d@tmall.com,Room 210
159,Garnette,Brunon,gbrunon4e@exblog.jp,Room 895
160,Grenville,Swarbrick,gswarbrick4f@zdnet.com,PO Box 59712
161,Guenna,Fallow,gfallow4g@dailymotion.com,Apt 1022
162,Chicky,Bendson,cbendson4h@flavors.me,PO Box 18028
163,Radcliffe,Livzey,rlivzey4i@cafepress.com,PO Box 20338
164,Roobbie,Burbury,rburbury4j@addthis.com,6th Floor
165,Michel,Ort,mort4k@ustream.tv,Suite 65
166,Temp,M'Quharg,tmquharg4l@dropbox.com,Suite 30
167,Maddie,Korbmaker,mkorbmaker4m@newyorker.com,PO Box 30824
168,Pattie,State,pstate4n@loc.gov,2nd Floor
169,Cornie,Crimp,ccrimp4o@disqus.com,4th Floor
170,Perkin,Dumphy,pdumphy4p@lycos.com,Room 1571
171,Sianna,Short,sshort4q@usnews.com,Suite 22
172,Pris,Seel,pseel4r@sitemeter.com,Apt 72
173,Theodora,Gartside,tgartside4s@topsy.com,Suite 75
174,Franciskus,Baskerfield,fbaskerfield4t@surveymonkey.com,17th Floor
175,Gus,Service,gservice4u@dmoz.org,Suite 59
176,Joshia,Jowitt,jjowitt4v@mozilla.com,Suite 60
177,Daveta,Chasmoor,dchasmoor4w@wunderground.com,Room 87
178,Felicia,Harrowell,fharrowell4x@edublogs.org,Room 368
179,Odie,Hindsberg,ohindsberg4y@meetup.com,Suite 94
180,Celestyna,Hefferon,chefferon4z@nba.com,PO Box 69639
181,Leia,Lebel,llebel50@dedecms.com,4th Floor
182,Berni,Leathart,bleathart51@redcross.org,PO Box 49962
183,Marsiella,Bruggeman,mbruggeman52@plala.or.jp,PO Box 54457
184,Lillian,Hammerman,lhammerman53@exblog.jp,Suite 1
185,Carlyn,MacParlan,cmacparlan54@people.com.cn,10th Floor
186,Cate,Felce,cfelce55@kickstarter.com,Room 1584
187,Janie,Tarpey,jtarpey56@yolasite.com,20th Floor
188,Tripp,Wilkin,twilkin57@g.co,Apt 1630
189,Marianna,Petri,mpetri58@indiatimes.com,PO Box 22622
190,Alfonse,Kuhnel,akuhnel59@linkedin.com,PO Box 68220
191,Sadella,Yarnton,syarnton5a@independent.co.uk,2nd Floor
192,Silvan,Cristofolini,scristofolini5b@reverbnation.com,Apt 1922
193,Farr,Bradford,fbradford5c@odnoklassniki.ru,2nd Floor
194,Ulises,Sappy,usappy5d@51.la,Room 850
195,Michael,Kilmister,mkilmister5e@posterous.com,Suite 53
196,Orville,Samwaye,osamwaye5f@webnode.com,PO Box 94942
197,Dennis,Nielson,dnielson5g@fastcompany.com,Apt 3
198,Homere,Yesenin,hyesenin5h@dedecms.com,Apt 70
199,Alejoa,Norvell,anorvell5i@theglobeandmail.com,Room 1966
200,Webster,Standen,wstanden5j@google.fr,Suite 58
201,Koralle,McKeaveney,kmckeaveney5k@wufoo.com,Suite 19
202,Haleigh,Deery,hdeery5l@freewebs.com,Apt 1356
203,Rhona,Scholard,rscholard5m@github.io,Suite 4
204,Cyb,Bing,cbing5n@shinystat.com,PO Box 51202
205,Claude,Jeynes,cjeynes5o@constantcontact.com,Apt 1971
206,Dame,Gershom,dgershom5p@skype.com,Apt 1756
207,Damian,Shaw,dshaw5q@dmoz.org,Room 1206
208,Karine,Millmore,kmillmore5r@globo.com,15th Floor
209,Bibi,Barczewski,bbarczewski5s@storify.com,19th Floor
210,Aline,Ferrand,aferrand5t@purevolume.com,PO Box 60409
211,Arlin,Shurman,ashurman5u@t.co,Suite 15
212,Georgetta,Deveraux,gdeveraux5v@reuters.com,PO Box 614
213,Kiley,Routhorn,krouthorn5w@dailymotion.com,Suite 82
214,Elna,Madle,emadle5x@joomla.org,Apt 1038
215,Ester,Collard,ecollard5y@psu.edu,Room 1292
216,Chrissy,Trengrouse,ctrengrouse5z@bloglovin.com,Apt 1814
217,Wren,Upward,wupward60@zdnet.com,16th Floor
218,Binny,Pawnsford,bpawnsford61@shinystat.com,PO Box 69996
219,Fred,Borles,fborles62@msu.edu,PO Box 13286
220,Linnet,Ellicock,lellicock63@miibeian.gov.cn,1st Floor
221,Nicholle,Purdey,npurdey64@reference.com,Apt 952
222,Corabella,Banghe,cbanghe65@dedecms.com,Room 1354
223,Bone,Jerzycowski,bjerzycowski66@clickbank.net,Room 258
224,Orsa,Seagood,oseagood67@bbb.org,PO Box 81668
225,Dave,Comberbeach,dcomberbeach68@paginegialle.it,4th Floor
226,Pooh,Mussared,pmussared69@hugedomains.com,Room 1490
227,Merill,Hallut,mhallut6a@123-reg.co.uk,Suite 46
228,Kristel,Weatherley,kweatherley6b@skyrock.com,3rd Floor
229,Nerissa,Straine,nstraine6c@seesaa.net,Apt 1101
230,Egan,Truce,etruce6d@redcross.org,Room 26
231,Radcliffe,Headington,rheadington6e@sourceforge.net,PO Box 3786
232,Joey,Kupka,jkupka6f@dell.com,PO Box 60824
233,Hale,Mayberry,hmayberry6g@meetup.com,Room 109
234,Fran,Janeczek,fjaneczek6h@constantcontact.com,Suite 14
235,Holt,Damiata,hdamiata6i@reddit.com,Apt 766
236,Toby,Tudbald,ttudbald6j@jigsy.com,14th Floor
237,Jock,Rubberts,jrubberts6k@dmoz.org,Apt 182
238,Melessa,MacLeod,mmacleod6l@scribd.com,Apt 1805
239,Louella,Scandrick,lscandrick6m@myspace.com,Room 1750
240,Lianna,Louisot,llouisot6n@nps.gov,4th Floor
241,Cordie,Snibson,csnibson6o@bloglovin.com,PO Box 56323
242,Roseanna,Probat,rprobat6p@ft.com,Suite 99
243,Curran,Puttick,cputtick6q@spotify.com,PO Box 73712
244,Karena,Sandars,ksandars6r@moonfruit.com,Apt 841
245,Roy,Cawkill,rcawkill6s@moonfruit.com,Suite 72
246,Joni,Keddle,jkeddle6t@go.com,Suite 41
247,Delmore,Jorg,djorg6u@woothemes.com,1st Floor
248,Cindee,Catlin,ccatlin6v@sogou.com,Room 1136
249,Jeniffer,Chritchley,jchritchley6w@wordpress.org,Room 1678
250,Cloris,Fermoy,cfermoy6x@blogs.com,Apt 329
251,Enos,Cunio,ecunio6y@cloudflare.com,PO Box 7636
252,Leigh,Doumerque,ldoumerque6z@aboutads.info,Apt 1694
253,Ethelred,McCloud,emccloud70@tripadvisor.com,Room 32
254,Arleen,Pettegre,apettegre71@gmpg.org,Apt 687
255,Alli,Le Floch,alefloch72@paypal.com,Apt 1537
256,Mary,Marrows,mmarrows73@google.fr,Suite 58
257,Genovera,Willford,gwillford74@studiopress.com,PO Box 69617
258,Finn,Joynes,fjoynes75@tinyurl.com,Room 1780
259,Correy,Cromwell,ccromwell76@drupal.org,PO Box 20323
260,Reynold,Geffinger,rgeffinger77@acquirethisname.com,Suite 80
261,Jeralee,Fairfoul,jfairfoul78@feedburner.com,PO Box 70453
262,Idalina,Arundel,iarundel79@eventbrite.com,Suite 81
263,Mort,Lewcock,mlewcock7a@go.com,Room 115
264,Susan,Prewett,sprewett7b@desdev.cn,Room 1141
265,Shepard,Vitte,svitte7c@blinklist.com,Apt 1353
266,Baudoin,Lesek,blesek7d@rambler.ru,8th Floor
267,Connie,O'Kinneally,cokinneally7e@i2i.jp,Apt 861
268,Emerson,Claw,eclaw7f@theguardian.com,Room 1684
269,Angelina,De Robertis,aderobertis7g@yellowbook.com,Suite 19
270,Urson,Scrivens,uscrivens7h@jimdo.com,PO Box 21716
271,Gwenora,Couvert,gcouvert7i@edublogs.org,PO Box 95524
272,Meyer,Gouldbourn,mgouldbourn7j@github.io,Apt 1084
273,Erin,Vaudre,evaudre7k@instagram.com,Suite 93
274,Aurthur,Burnyate,aburnyate7l@cam.ac.uk,PO Box 54357
275,Diann,Comberbeach,dcomberbeach7m@youtu.be,Apt 1298
276,Dewey,Crowden,dcrowden7n@nbcnews.com,PO Box 59013
277,Pansie,McReidy,pmcreidy7o@pcworld.com,PO Box 64175
278,Filbert,Browell,fbrowell7p@disqus.com,Suite 29
279,Aurie,Portman,aportman7q@dailymail.co.uk,Room 498
280,Caprice,Andrewartha,candrewartha7r@theguardian.com,Suite 92
281,Cathie,Flageul,cflageul7s@topsy.com,Suite 72
282,Aldrich,Fenelow,afenelow7t@telegraph.co.uk,3rd Floor
283,Jessie,MacCosty,jmaccosty7u@4shared.com,Suite 87
284,Regen,Pittendreigh,rpittendreigh7v@discuz.net,Suite 71
285,Cointon,Lumsdaine,clumsdaine7w@timesonline.co.uk,PO Box 40168
286,Ealasaid,Cristofvao,ecristofvao7x@soup.io,Room 1006
287,Tyrus,Roke,troke7y@delicious.com,Apt 591
288,Henri,Gulston,hgulston7z@sitemeter.com,2nd Floor
289,Dore,Farnin,dfarnin80@blogger.com,Suite 45
290,Cassius,Balas,cbalas81@unicef.org,Apt 1801
291,Lilli,Lillee,llillee82@europa.eu,Room 1290
292,Tanner,Girt,tgirt83@blogs.com,19th Floor
293,Cherin,Pietzke,cpietzke84@trellian.com,Suite 89
294,Colet,Shegog,cshegog85@cocolog-nifty.com,Apt 1274
295,Aaren,Dailey,adailey86@studiopress.com,Suite 77
296,Cathyleen,Titchener,ctitchener87@technorati.com,Apt 1959
297,Angelle,Cooper,acooper88@reddit.com,13th Floor
298,Holden,Minshull,hminshull89@ihg.com,PO Box 74495
299,Garry,Chesnut,gchesnut8a@studiopress.com,Apt 1486
300,Ricca,Furphy,rfurphy8b@salon.com,PO Box 78088
301,Roobbie,Scoterbosh,rscoterbosh8c@facebook.com,Suite 16
302,Tallie,Mooring,tmooring8d@fema.gov,Apt 76
303,Ravid,O'Coskerry,rocoskerry8e@salon.com,PO Box 63004
304,Markus,Haydn,mhaydn8f@yolasite.com,PO Box 30900
305,Lynnet,Hawtrey,lhawtrey8g@wikia.com,Room 673
306,Dinah,Gronow,dgronow8h@imageshack.us,Room 912
307,Dannie,Hinkins,dhinkins8i@gizmodo.com,16th Floor
308,Corliss,Fleis,cfleis8j@purevolume.com,PO Box 86138
309,Avis,Kop,akop8k@123-reg.co.uk,Suite 72
310,Fraze,Skillen,fskillen8l@go.com,Room 1250
311,Roger,Langthorne,rlangthorne8m@mit.edu,11th Floor
312,Denise,Carnaman,dcarnaman8n@shop-pro.jp,Suite 85
313,Pamella,Fellona,pfellona8o@woothemes.com,Apt 1355
314,Marney,Langston,mlangston8p@photobucket.com,PO Box 35534
315,Constantia,Tubbles,ctubbles8q@yolasite.com,Suite 95
316,Stan,Plascott,splascott8r@github.io,Suite 57
317,Dalis,Schiementz,dschiementz8s@mayoclinic.com,Apt 1809
318,Winona,Wormstone,wwormstone8t@accuweather.com,Room 1663
319,Nadia,Pullman,npullman8u@oaic.gov.au,Suite 96
320,Carlin,Alekhov,calekhov8v@indiatimes.com,PO Box 59656
321,Boony,Penhallurick,bpenhallurick8w@1und1.de,PO Box 18187
322,Web,Flatley,wflatley8x@youtube.com,Room 388
323,Rudolph,Borman,rborman8y@time.com,9th Floor
324,Kata,Rizzardini,krizzardini8z@microsoft.com,1st Floor
325,Zia,Saiger,zsaiger90@zdnet.com,PO Box 38498
326,Harmony,Scudders,hscudders91@acquirethisname.com,Suite 96
327,Gennie,Batter,gbatter92@ucla.edu,Room 1348
328,Davita,Fillis,dfillis93@wikipedia.org,Room 1319
329,Dawna,Lovett,dlovett94@army.mil,6th Floor
330,Dukey,Eilhart,deilhart95@hugedomains.com,6th Floor
331,Ingunna,Naisbit,inaisbit96@google.es,2nd Floor
332,Stevena,Tallet,stallet97@earthlink.net,Apt 610
333,Vivienne,Cancott,vcancott98@bbb.org,Apt 104
334,Mason,Risdall,mrisdall99@businessweek.com,Room 311
335,Dreddy,Jerams,djerams9a@scientificamerican.com,Suite 67
336,Ronna,MacGillicuddy,rmacgillicuddy9b@elegantthemes.com,PO Box 59000
337,Marietta,Guenther,mguenther9c@elpais.com,PO Box 3286
338,Ardeen,Petty,apetty9d@scribd.com,PO Box 72154
339,Carissa,Tolotti,ctolotti9e@technorati.com,Apt 1397
340,Leonanie,Izakof,lizakof9f@cloudflare.com,9th Floor
341,Konstantine,Shadfourth,kshadfourth9g@miibeian.gov.cn,Apt 546
342,Berna,Shuttlewood,bshuttlewood9h@nymag.com,Apt 1457
343,Bird,Readwing,breadwing9i@cbsnews.com,14th Floor
344,Claretta,McGillicuddy,cmcgillicuddy9j@webmd.com,PO Box 60659
345,Christian,Guidini,cguidini9k@google.pl,Suite 38
346,Leland,Twyford,ltwyford9l@dailymotion.com,15th Floor
347,Vicky,Coulter,vcoulter9m@bing.com,Apt 1127
348,Stanley,Drinkwater,sdrinkwater9n@bing.com,PO Box 37230
349,Quinton,Nurny,qnurny9o@home.pl,Apt 1166
350,Kirsti,Ruske,kruske9p@mapy.cz,Suite 39
351,Vin,Heal,vheal9q@wikia.com,PO Box 99791
352,Kelwin,Yusupov,kyusupov9r@example.com,Suite 15
353,Alice,Grandin,agrandin9s@linkedin.com,Suite 71
354,Mamie,Munnis,mmunnis9t@istockphoto.com,Room 204
355,Mattie,Rown,mrown9u@weebly.com,Room 580
356,Norri,Sinnett,nsinnett9v@archive.org,Apt 35
357,Lamar,Rowena,lrowena9w@miitbeian.gov.cn,PO Box 45398
358,Carmelita,Jersh,cjersh9x@360.cn,2nd Floor
359,Beverlie,Pietruschka,bpietruschka9y@tinyurl.com,PO Box 13123
360,Jedediah,Struis,jstruis9z@slideshare.net,Room 1915
361,Ebonee,Cogan,ecogana0@bravesites.com,4th Floor
362,Pat,Killock,pkillocka1@wordpress.org,Suite 2
363,Cordy,O'Cullen,cocullena2@studiopress.com,PO Box 19231
364,Kenyon,Gindghill,kgindghilla3@sohu.com,15th Floor
365,Breanne,Kynd,bkynda4@dot.gov,8th Floor
366,Tine,Mahomet,tmahometa5@phoca.cz,Suite 2
367,Bren,Stother,bstothera6@google.it,2nd Floor
368,Tera,Jon,tjona7@webeden.co.uk,18th Floor
369,Jimmie,Tallyn,jtallyna8@google.com.br,PO Box 61963
370,Elwood,Mertsching,emertschinga9@columbia.edu,13th Floor
371,Angelo,Lopez,alopezaa@cam.ac.uk,Apt 384
372,Dayna,Legan,dleganab@samsung.com,19th Floor
373,Oona,McSherry,omcsherryac@bizjournals.com,Suite 43
374,Winnie,Bunten,wbuntenad@1und1.de,Suite 10
375,Brigitta,Chittim,bchittimae@noaa.gov,Room 1174
376,Raimondo,Maw,rmawaf@printfriendly.com,Apt 1195
377,Inessa,Garrettson,igarrettsonag@google.pl,PO Box 45590
378,Raymond,Shulem,rshulemah@diigo.com,3rd Floor
379,Andrea,Vignaux,avignauxai@imageshack.us,PO Box 42313
380,Shelby,Grimestone,sgrimestoneaj@facebook.com,Room 1835
381,Marline,Imason,mimasonak@mapquest.com,Room 853
382,Tiphani,Norsworthy,tnorsworthyal@1688.com,Suite 83
383,Tobias,Chrstine,tchrstineam@irs.gov,Suite 1
384,Talyah,Connolly,tconnollyan@ibm.com,11th Floor
385,Tommie,O'Howbane,tohowbaneao@g.co,Room 1685
386,Fanny,Dohms,fdohmsap@wikia.com,11th Floor
387,Dare,Ruggier,druggieraq@t.co,PO Box 20721
388,Hillery,Worling,hworlingar@elpais.com,PO Box 74152
389,Ingamar,Balderston,ibalderstonas@studiopress.com,Room 598
390,Rania,Diggons,rdiggonsat@weebly.com,PO Box 71320
391,Catriona,MacPhaden,cmacphadenau@narod.ru,Suite 20
392,Anallise,Jann,ajannav@cbsnews.com,Suite 2
393,Serge,Frohock,sfrohockaw@vk.com,PO Box 43969
394,Nap,Hanshawe,nhanshaweax@godaddy.com,Suite 83
395,Tedda,Crimes,tcrimesay@issuu.com,Apt 1317
396,Vevay,Dey,vdeyaz@google.com.br,Apt 1073
397,Gene,Handman,ghandmanb0@51.la,Suite 82
398,Evania,Bustin,ebustinb1@instagram.com,17th Floor
399,Baird,Bearfoot,bbearfootb2@jimdo.com,7th Floor
400,Arel,Bellworthy,abellworthyb3@economist.com,PO Box 90321
401,Gordan,Shorthouse,gshorthouseb4@e-recht24.de,PO Box 98311
402,Lanette,Lawrenson,llawrensonb5@youku.com,Apt 1716
403,Lulu,Matts,lmattsb6@theglobeandmail.com,Apt 1631
404,Stefania,Heeps,sheepsb7@bluehost.com,PO Box 24363
405,Josey,Piccard,jpiccardb8@storify.com,Room 779
406,Ermina,Gandley,egandleyb9@fotki.com,Apt 1391
407,Doy,Chattell,dchattellba@acquirethisname.com,Suite 49
408,Erastus,Melledy,emelledybb@t.co,Suite 28
409,Elizabet,Schuster,eschusterbc@theatlantic.com,Room 177
410,Alvira,Shimoni,ashimonibd@geocities.com,9th Floor
411,Eustace,Liversedge,eliversedgebe@php.net,15th Floor
412,Gladys,Santacrole,gsantacrolebf@hubpages.com,Room 1120
413,Hester,Collough,hcolloughbg@ask.com,Room 912
414,Shannon,Burnsides,sburnsidesbh@army.mil,Apt 1146
415,Peirce,Edwins,pedwinsbi@theglobeandmail.com,Suite 57
416,Twila,Humburton,thumburtonbj@wiley.com,Apt 375
417,Fletch,Worthing,fworthingbk@sina.com.cn,Apt 1455
418,Jarrod,Scoone,jscoonebl@netvibes.com,20th Floor
419,Henriette,Dallender,hdallenderbm@miibeian.gov.cn,Room 362
420,Winni,Fittis,wfittisbn@digg.com,Apt 1386
421,Jillene,Shillitto,jshillittobo@buzzfeed.com,1st Floor
422,Katleen,Bickmore,kbickmorebp@zimbio.com,Suite 78
423,Jerad,Maleck,jmaleckbq@scientificamerican.com,Room 1014
424,Mead,Fairleigh,mfairleighbr@yandex.ru,5th Floor
425,Erinna,Byram,ebyrambs@cargocollective.com,14th Floor
426,Adrien,Scrauniage,ascrauniagebt@macromedia.com,Room 521
427,Meade,Fenner,mfennerbu@forbes.com,PO Box 51661
428,Janela,Fullerd,jfullerdbv@slideshare.net,Apt 1591
429,Angelo,Halfhyde,ahalfhydebw@un.org,18th Floor
430,Evin,Berrigan,eberriganbx@ted.com,PO Box 5871
431,Penelope,Shimoni,pshimoniby@dion.ne.jp,Apt 1815
432,Jeremias,Gayler,jgaylerbz@cbc.ca,1st Floor
433,Jessy,Lurriman,jlurrimanc0@slideshare.net,Apt 864
434,Dee,Witz,dwitzc1@google.pl,13th Floor
435,Abey,Mertel,amertelc2@archive.org,PO Box 76314
436,Vin,Floris,vflorisc3@phoca.cz,PO Box 20439
437,Patience,Ladyman,pladymanc4@wix.com,18th Floor
438,Mona,Suddell,msuddellc5@ifeng.com,Apt 1603
439,Kandy,Kolakovic,kkolakovicc6@webs.com,Room 1353
440,Bartie,Cardoo,bcardooc7@123-reg.co.uk,Apt 739
441,Culley,Dommerque,cdommerquec8@noaa.gov,10th Floor
442,Stephenie,Croxley,scroxleyc9@wired.com,Suite 69
443,Elke,De Beauchemp,edebeauchempca@telegraph.co.uk,Room 1527
444,Hi,Bonavia,hbonaviacb@g.co,PO Box 38103
445,Les,Scowcraft,lscowcraftcc@alibaba.com,PO Box 64404
446,Adrien,Totman,atotmancd@wufoo.com,18th Floor
447,Maurie,Leffek,mleffekce@jimdo.com,Suite 54
448,Quinta,Bruckner,qbrucknercf@sina.com.cn,Room 102
449,Trix,Hingeley,thingeleycg@biblegateway.com,PO Box 249
450,Salvatore,Beyn,sbeynch@ebay.com,Apt 432
451,Che,Monshall,cmonshallci@forbes.com,Apt 1360
452,Hunt,Feldharker,hfeldharkercj@dailymail.co.uk,Suite 30
453,Isak,Egle of Germany,iegleofgermanyck@symantec.com,PO Box 20643
454,Cecily,Ivanchikov,civanchikovcl@redcross.org,PO Box 74408
455,Anneliese,Tatford,atatfordcm@pbs.org,20th Floor
456,Jarrod,Goning,jgoningcn@cnet.com,Apt 1437
457,L;urette,Edyson,ledysonco@cbc.ca,14th Floor
458,Emma,Bethell,ebethellcp@wordpress.org,Suite 33
459,Moria,Brower,mbrowercq@xrea.com,Suite 31
460,Hershel,Punch,hpunchcr@ucoz.ru,Suite 100
461,Stevy,Worts,swortscs@feedburner.com,Apt 1435
462,Brana,Skeath,bskeathct@gmpg.org,Suite 7
463,Walliw,Blayney,wblayneycu@whitehouse.gov,Apt 1224
464,Paloma,Quigg,pquiggcv@ucoz.com,Room 1813
465,Kahlil,Claeskens,kclaeskenscw@zdnet.com,PO Box 51370
466,Karlens,Reimer,kreimercx@ask.com,Apt 362
467,Shanta,Maskall,smaskallcy@irs.gov,Apt 616
468,Daryn,Cornhill,dcornhillcz@cloudflare.com,3rd Floor
469,Fergus,Labbez,flabbezd0@cbslocal.com,PO Box 78009
470,Chad,Ronchka,cronchkad1@edublogs.org,Suite 54
471,Christiane,Wasteney,cwasteneyd2@dailymail.co.uk,Suite 38
472,Emelia,Peres,eperesd3@ezinearticles.com,Apt 2000
473,Jerry,Holdin,jholdind4@printfriendly.com,Apt 1890
474,Garald,Jonczyk,gjonczykd5@cmu.edu,PO Box 50510
475,Martita,Tolemache,mtolemached6@irs.gov,Room 324
476,Sonny,Bedding,sbeddingd7@bbb.org,Apt 1139
477,Mariann,Gerhts,mgerhtsd8@guardian.co.uk,Suite 6
478,Hirsch,McClure,hmcclured9@yandex.ru,Room 199
479,Kaitlin,Heggadon,kheggadonda@tinyurl.com,6th Floor
480,Nada,Greenough,ngreenoughdb@accuweather.com,Apt 1467
481,Garvy,Beach,gbeachdc@ocn.ne.jp,PO Box 71462
482,Saunder,Petrushka,spetrushkadd@friendfeed.com,PO Box 4143
483,Melli,Huster,mhusterde@cisco.com,Apt 193
484,Gae,Wharrier,gwharrierdf@illinois.edu,Apt 144
485,Sherlocke,McKinnell,smckinnelldg@independent.co.uk,2nd Floor
486,Abagael,Marco,amarcodh@sourceforge.net,14th Floor
487,Claus,McKenney,cmckenneydi@123-reg.co.uk,Suite 60
488,Smith,Carnier,scarnierdj@webeden.co.uk,Room 685
489,Romy,Cogswell,rcogswelldk@google.ca,PO Box 83742
490,Clarey,Bartles,cbartlesdl@list-manage.com,Suite 8
491,Delcine,Stickles,dsticklesdm@spotify.com,5th Floor
492,Jonas,Prantl,jprantldn@reddit.com,Room 1079
493,Melina,Glanester,mglanesterdo@tmall.com,PO Box 85972
494,Guenna,Jowers,gjowersdp@tiny.cc,Suite 71
495,Reidar,Deering,rdeeringdq@foxnews.com,Suite 22
496,Marcello,Gammons,mgammonsdr@xrea.com,PO Box 47426
497,Ulysses,Granger,ugrangerds@toplist.cz,20th Floor
498,Laureen,Bonds,lbondsdt@fotki.com,19th Floor
499,Joyce,McGeechan,jmcgeechandu@tamu.edu,10th Floor
500,Marcia,Nunns,mnunnsdv@reuters.com,Apt 407
501,Barbette,Ridder,bridderdw@topsy.com,Room 979
502,Kessia,Dignum,kdignumdx@ifeng.com,Apt 1297
503,Claybourne,Josilowski,cjosilowskidy@unesco.org,PO Box 88035
504,Analise,Cardello,acardellodz@reddit.com,16th Floor
505,Ophelie,Blacklidge,oblacklidgee0@yale.edu,18th Floor
506,Zach,Cancellario,zcancellarioe1@goo.gl,Suite 51
507,Yvonne,Rohlf,yrohlfe2@wikia.com,Suite 36
508,Jerry,Broom,jbroome3@cloudflare.com,12th Floor
509,Herc,Serrell,hserrelle4@deviantart.com,3rd Floor
510,Anya,Tampling,atamplinge5@is.gd,Apt 492
511,Homere,Cuffley,hcuffleye6@google.com,Apt 460
512,Nariko,Bickerstasse,nbickerstassee7@stanford.edu,Suite 45
513,Hugibert,Ridolfi,hridolfie8@booking.com,Apt 1579
514,Reider,Round,rrounde9@usatoday.com,Apt 299
515,Maynord,Josskowitz,mjosskowitzea@naver.com,4th Floor
516,Ellyn,Gideon,egideoneb@nyu.edu,Apt 1558
517,Meta,Lewty,mlewtyec@walmart.com,18th Floor
518,Giff,Czajkowska,gczajkowskaed@apache.org,Apt 112
519,Julee,Sallnow,jsallnowee@google.ru,Suite 27
520,Eolande,Wylam,ewylamef@go.com,Apt 1098
521,Ellery,MacDermot,emacdermoteg@google.com.au,Suite 86
522,Katharine,Wheeldon,kwheeldoneh@google.de,Room 114
523,Alaine,Leonard,aleonardei@stanford.edu,Apt 229
524,Nanon,Gascar,ngascarej@t-online.de,Room 1504
525,Harald,Quilliam,hquilliamek@printfriendly.com,Room 1598
526,Antons,Simla,asimlael@dmoz.org,5th Floor
527,Ingaborg,Laing,ilaingem@noaa.gov,Suite 98
528,Janene,Brookes,jbrookesen@symantec.com,Apt 1684
529,Christina,Buesnel,cbuesneleo@vkontakte.ru,PO Box 85079
530,Jerry,Balam,jbalamep@meetup.com,PO Box 22974
531,Bianka,Aharoni,baharonieq@chron.com,Room 590
532,Kristan,Stiger,kstigerer@macromedia.com,PO Box 55808
533,Elihu,Guppey,eguppeyes@myspace.com,PO Box 32139
534,Ryan,Clissett,rclissettet@earthlink.net,Room 152
535,Walden,Petruszka,wpetruszkaeu@accuweather.com,Suite 22
536,Charmain,Paddie,cpaddieev@stumbleupon.com,Suite 52
537,Hyacintha,Brugger,hbruggerew@soup.io,Room 1882
538,Kinsley,Mossbee,kmossbeeex@dagondesign.com,Suite 12
539,Jennee,Barker,jbarkerey@prnewswire.com,Apt 779
540,Sindee,Gingles,sginglesez@wordpress.org,Room 1621
541,Bud,Chastelain,bchastelainf0@skype.com,Suite 1
542,Amanda,Haffner,ahaffnerf1@pinterest.com,Room 758
543,Rudolfo,Ebenezer,rebenezerf2@npr.org,Suite 54
544,Anderson,McKeeman,amckeemanf3@time.com,Suite 93
545,Janie,Reede,jreedef4@123-reg.co.uk,11th Floor
546,Junia,Jacquet,jjacquetf5@squarespace.com,7th Floor
547,Vasilis,MacTrustey,vmactrusteyf6@sohu.com,11th Floor
548,Evin,Zealander,ezealanderf7@zdnet.com,19th Floor
549,Pearle,Lavallie,plavallief8@google.co.uk,PO Box 80656
550,Hollie,Seden,hsedenf9@imageshack.us,PO Box 88258
551,Tricia,Maffulli,tmaffullifa@hp.com,Suite 23
552,Charlot,Westbury,cwestburyfb@chronoengine.com,Room 1965
553,Sheffield,Bushill,sbushillfc@house.gov,Apt 1222
554,Joline,Durn,jdurnfd@t-online.de,Apt 837
555,Anjanette,Maskill,amaskillfe@prlog.org,Apt 767
556,Breanne,Gurr,bgurrff@vimeo.com,Apt 318
557,Stacie,Wybern,swybernfg@tiny.cc,Room 567
558,Haleigh,Quiddihy,hquiddihyfh@de.vu,Apt 717
559,Lyndel,Glawsop,lglawsopfi@umich.edu,8th Floor
560,Trula,Sokale,tsokalefj@home.pl,Apt 1484
561,Barnebas,Pimmocke,bpimmockefk@tripod.com,Suite 94
562,Gabriele,Mapples,gmapplesfl@nyu.edu,Suite 30
563,Serge,Easson,seassonfm@dailymail.co.uk,13th Floor
564,Kaia,Haney`,khaneyfn@google.com.hk,PO Box 23100
565,Elwin,Grisenthwaite,egrisenthwaitefo@scribd.com,Suite 97
566,Emmalee,Jouanot,ejouanotfp@example.com,Apt 1454
567,Eva,Kabisch,ekabischfq@shareasale.com,Suite 86
568,Starlin,Gantzman,sgantzmanfr@typepad.com,2nd Floor
569,Ruthe,Jery,rjeryfs@webeden.co.uk,Suite 26
570,Levy,Allatt,lallattft@creativecommons.org,Suite 78
571,Conway,Rylands,crylandsfu@ning.com,Room 613
572,Kaleena,Samms,ksammsfv@phpbb.com,Apt 1386
573,Fanya,Pattingson,fpattingsonfw@google.de,11th Floor
574,Jeremie,Beaford,jbeafordfx@wunderground.com,7th Floor
575,Annie,Cooke,acookefy@deviantart.com,PO Box 67257
576,Yasmin,MacVean,ymacveanfz@wordpress.com,17th Floor
577,Godard,Cathro,gcathrog0@123-reg.co.uk,Suite 22
578,Ilise,Arendt,iarendtg1@nationalgeographic.com,14th Floor
579,Gianni,Gully,ggullyg2@japanpost.jp,Apt 1708
580,Gerome,Pride,gprideg3@stumbleupon.com,Apt 704
581,Reagan,Dinesen,rdineseng4@nba.com,9th Floor
582,Candide,Earnshaw,cearnshawg5@hhs.gov,Suite 11
583,Lorry,Lysaght,llysaghtg6@google.cn,Room 1027
584,Austine,Rathborne,arathborneg7@lycos.com,PO Box 87659
585,Noreen,West,nwestg8@netvibes.com,PO Box 80982
586,Krissie,Bristo,kbristog9@elegantthemes.com,PO Box 77627
587,Kellyann,Springle,kspringlega@bbc.co.uk,PO Box 86057
588,Ingra,Sewards,isewardsgb@360.cn,Room 1986
589,Ilise,Blackah,iblackahgc@weibo.com,13th Floor
590,Uta,Cardo,ucardogd@msu.edu,PO Box 72409
591,Alexei,MacFadyen,amacfadyenge@google.com,PO Box 10143
592,Garrott,Cargill,gcargillgf@hibu.com,Suite 63
593,Nye,Chopy,nchopygg@ftc.gov,Apt 1066
594,Peyter,Bavage,pbavagegh@shareasale.com,PO Box 88849
595,Boyd,Wloch,bwlochgi@jiathis.com,Room 843
596,Tanny,Nutbean,tnutbeangj@hhs.gov,11th Floor
597,Skyler,Alfwy,salfwygk@so-net.ne.jp,Room 604
598,Rowena,Best,rbestgl@com.com,2nd Floor
599,Tull,Alliberton,tallibertongm@feedburner.com,12th Floor
600,Korry,Copestick,kcopestickgn@ucoz.com,Apt 1650
601,Cindy,Blowen,cblowengo@columbia.edu,Apt 1429
602,Henrietta,Nuemann,hnuemanngp@acquirethisname.com,Suite 43
603,Sherm,Oselton,soseltongq@admin.ch,Suite 36
604,Jaimie,Patifield,jpatifieldgr@sfgate.com,Suite 47
605,Evelina,Mum,emumgs@ed.gov,Apt 1880
606,Alecia,MacRedmond,amacredmondgt@cyberchimps.com,Suite 46
607,Claribel,Ingry,cingrygu@comcast.net,Room 538
608,Tarrance,St. Clair,tstclairgv@usgs.gov,5th Floor
609,Brietta,Petruska,bpetruskagw@senate.gov,Apt 161
610,Frankie,Seelbach,fseelbachgx@nih.gov,Room 1712
611,Sim,Blackmuir,sblackmuirgy@webmd.com,PO Box 16191
612,Kylie,Riccard,kriccardgz@goo.gl,13th Floor
613,Christoph,Borkin,cborkinh0@blogtalkradio.com,PO Box 39825
614,Simonette,McKeurtan,smckeurtanh1@wikimedia.org,Room 1976
615,Bellina,Bremond,bbremondh2@tiny.cc,Room 339
616,Wash,Garriock,wgarriockh3@instagram.com,PO Box 68377
617,Modesta,Aris,marish4@spotify.com,Apt 1421
618,Gabriellia,Bysshe,gbyssheh5@ustream.tv,10th Floor
619,Davin,Merrell,dmerrellh6@behance.net,PO Box 62864
620,Giffer,Cowtherd,gcowtherdh7@sitemeter.com,Suite 69
621,Evelina,McQuaker,emcquakerh8@multiply.com,8th Floor
622,Rasla,Filipowicz,rfilipowiczh9@zdnet.com,PO Box 78061
623,Garreth,Klemz,gklemzha@storify.com,Room 1657
624,Grethel,Dragge,gdraggehb@blogger.com,Apt 92
625,Gregg,Traise,gtraisehc@examiner.com,Apt 1853
626,Louisa,Lawleff,llawleffhd@umich.edu,1st Floor
627,Nicol,Armatys,narmatyshe@4shared.com,Apt 987
628,Brandy,Vials,bvialshf@bluehost.com,Room 281
629,Tamarra,Dowty,tdowtyhg@bloglines.com,Suite 51
630,Alisun,Simoncello,asimoncellohh@nasa.gov,Room 254
631,Devi,Pandey,dpandeyhi@kickstarter.com,PO Box 24198
632,Leroi,Hambric,lhambrichj@amazon.de,Suite 67
633,Rosana,Browne,rbrownehk@wired.com,Apt 1972
634,Enid,Boolsen,eboolsenhl@google.de,PO Box 87232
635,Tedra,Lias,tliashm@nydailynews.com,Apt 831
636,Ginger,Sokill,gsokillhn@sfgate.com,Room 957
637,Sibbie,Trolley,strolleyho@example.com,Apt 1671
638,Kristine,Rosenblatt,krosenblatthp@reuters.com,Suite 90
639,Tatiana,Roubeix,troubeixhq@blogtalkradio.com,PO Box 1670
640,Edeline,Seiter,eseiterhr@virginia.edu,Room 924
641,Marika,Muddimer,mmuddimerhs@latimes.com,11th Floor
642,Corella,Gabbatt,cgabbattht@hao123.com,Suite 63
643,Doug,Stapells,dstapellshu@barnesandnoble.com,PO Box 75419
644,Connie,Lardiner,clardinerhv@ning.com,Room 1393
645,Bev,Kubera,bkuberahw@cornell.edu,Room 1589
646,Estele,Allchin,eallchinhx@163.com,Room 1932
647,Currie,Lount,clounthy@cisco.com,Room 965
648,Winnifred,Nicklinson,wnicklinsonhz@chron.com,16th Floor
649,Armstrong,Batrip,abatripi0@redcross.org,Apt 780
650,Damian,Mothersdale,dmothersdalei1@about.me,PO Box 31534
651,Starla,Juggings,sjuggingsi2@tripod.com,2nd Floor
652,Israel,Scough,iscoughi3@amazon.co.uk,Room 739
653,Ertha,Van de Vlies,evandevliesi4@a8.net,Room 1388
654,Lucie,Sigge,lsiggei5@yahoo.co.jp,17th Floor
655,Yorgos,Trethewey,ytretheweyi6@arstechnica.com,4th Floor
656,Boyd,Alldread,balldreadi7@joomla.org,Suite 66
657,Germana,Spykins,gspykinsi8@gmpg.org,Room 792
658,Bronson,Junifer,bjuniferi9@state.tx.us,Room 1482
659,Neddie,Pleaden,npleadenia@usa.gov,Room 648
660,Linnet,Coalbran,lcoalbranib@seesaa.net,Suite 72
661,Alfie,Mableson,amablesonic@dion.ne.jp,Room 934
662,Standford,Messier,smessierid@bandcamp.com,14th Floor
663,Jilli,Dunderdale,jdunderdaleie@de.vu,Suite 5
664,Aubry,Syvret,asyvretif@blog.com,Apt 328
665,Shermy,Garrelts,sgarreltsig@quantcast.com,19th Floor
666,Waneta,Treagust,wtreagustih@clickbank.net,9th Floor
667,Phyllida,Giddins,pgiddinsii@wordpress.com,2nd Floor
668,Diane,Iacoboni,diacoboniij@discuz.net,Room 1526
669,Baillie,Monte,bmonteik@xinhuanet.com,Suite 14
670,Jourdain,Shouler,jshouleril@over-blog.com,Room 573
671,Thomas,Whelband,twhelbandim@stanford.edu,PO Box 56665
672,Anthea,Wheelwright,awheelwrightin@furl.net,Apt 806
673,Katina,Metson,kmetsonio@bravesites.com,PO Box 78236
674,Guthrey,Goady,ggoadyip@webmd.com,Apt 274
675,Carolin,Lowey,cloweyiq@digg.com,20th Floor
676,Liva,Besset,lbessetir@blogtalkradio.com,18th Floor
677,Harlin,Galloway,hgallowayis@illinois.edu,Suite 19
678,Caresse,Huelin,chuelinit@qq.com,Room 1763
679,Dorthea,Farmar,dfarmariu@craigslist.org,Apt 1724
680,Lauren,Hallt,lhalltiv@bluehost.com,PO Box 17424
681,Tani,Simionato,tsimionatoiw@springer.com,3rd Floor
682,Gran,Smitheman,gsmithemanix@alexa.com,Apt 654
683,Benji,Tuhy,btuhyiy@tripadvisor.com,PO Box 61975
684,Ceil,Boome,cboomeiz@xing.com,5th Floor
685,Jeanine,Coulthurst,jcoulthurstj0@mapquest.com,Suite 9
686,Roseanne,Leeman,rleemanj1@cam.ac.uk,8th Floor
687,Ed,Sparke,esparkej2@smugmug.com,Suite 83
688,Annabell,Meldrum,ameldrumj3@sciencedirect.com,Suite 15
689,Haily,Bradnick,hbradnickj4@washingtonpost.com,11th Floor
690,Marchelle,Tebbs,mtebbsj5@hibu.com,Suite 39
691,Sherill,Genn,sgennj6@bloglovin.com,Suite 97
692,Tim,Brearty,tbreartyj7@goo.gl,PO Box 74503
693,Carolann,MacDonogh,cmacdonoghj8@reference.com,PO Box 4635
694,Duke,Gratten,dgrattenj9@japanpost.jp,Apt 1811
695,Nichol,Dable,ndableja@irs.gov,11th Floor
696,Michaelina,Renachowski,mrenachowskijb@cnet.com,Apt 309
697,Trude,Lowater,tlowaterjc@etsy.com,12th Floor
698,Lishe,Leathes,lleathesjd@tumblr.com,PO Box 40876
699,Izzy,Aldridge,ialdridgeje@nytimes.com,PO Box 8424
700,Quincey,MacPherson,qmacphersonjf@ed.gov,PO Box 67832
701,Valma,Ledamun,vledamunjg@drupal.org,19th Floor
702,Wade,Barstowk,wbarstowkjh@columbia.edu,PO Box 34692
703,Shurlocke,Larwood,slarwoodji@un.org,Room 359
704,Orelle,Lees,oleesjj@msu.edu,PO Box 14091
705,Cathi,Cometti,ccomettijk@dell.com,Apt 1581
706,Therese,Pipe,tpipejl@slate.com,PO Box 63803
707,Brant,Spencelayh,bspencelayhjm@arstechnica.com,Room 51
708,Lucine,Baldoni,lbaldonijn@jalbum.net,Suite 41
709,Bette,Sabberton,bsabbertonjo@uiuc.edu,3rd Floor
710,Marla,Ledward,mledwardjp@tinypic.com,6th Floor
711,Therine,Geyton,tgeytonjq@dot.gov,Apt 1811
712,Hanson,Hullot,hhullotjr@example.com,Apt 1852
713,Gui,Avent,gaventjs@soundcloud.com,Suite 92
714,Latashia,Lavarack,llavarackjt@elpais.com,PO Box 13800
715,Emory,Simyson,esimysonju@army.mil,PO Box 94880
716,Benyamin,Worral,bworraljv@netlog.com,Apt 1874
717,Josie,Hannay,jhannayjw@wired.com,PO Box 65670
718,Dur,Malden,dmaldenjx@altervista.org,Apt 444
719,Zia,Dilloway,zdillowayjy@thetimes.co.uk,PO Box 69171
720,Libbey,Whorton,lwhortonjz@npr.org,3rd Floor
721,Conway,Spanswick,cspanswickk0@networkadvertising.org,PO Box 1781
722,Helen-elizabeth,Janzen,hjanzenk1@xinhuanet.com,PO Box 49702
723,Loella,Zottoli,lzottolik2@sciencedaily.com,17th Floor
724,Dorthea,Meeks,dmeeksk3@hubpages.com,Suite 92
725,Myrah,Gemelli,mgemellik4@craigslist.org,Apt 888
726,Viv,Cella,vcellak5@cbslocal.com,Suite 50
727,Avivah,Ribchester,aribchesterk6@skyrock.com,Apt 1469
728,Aurora,Perel,aperelk7@typepad.com,Apt 263
729,Joly,Taggett,jtaggettk8@house.gov,Suite 65
730,Christopher,McVanamy,cmcvanamyk9@omniture.com,Suite 81
731,Lotti,Jouhning,ljouhningka@netscape.com,Suite 97
732,Hesther,Rizzello,hrizzellokb@cnet.com,PO Box 61670
733,Aldwin,Ditchfield,aditchfieldkc@umich.edu,Suite 90
734,Olga,Enochsson,oenochssonkd@cyberchimps.com,Suite 59
735,Gunther,Hellewell,ghellewellke@ebay.co.uk,7th Floor
736,Alexine,Mill,amillkf@google.nl,Apt 1917
737,Matelda,Kerbler,mkerblerkg@newsvine.com,PO Box 13268
738,Dinah,Spurryer,dspurryerkh@mashable.com,PO Box 36755
739,Kaiser,Sammut,ksammutki@google.ca,Room 1536
740,Kizzee,Anger,kangerkj@hubpages.com,Room 903
741,Mal,Haszard,mhaszardkk@marriott.com,19th Floor
742,Chev,De-Ville,cdevillekl@indiegogo.com,Suite 39
743,Dorthy,Coultass,dcoultasskm@timesonline.co.uk,15th Floor
744,Jonah,Ariss,jarisskn@dropbox.com,18th Floor
745,Tome,McMyler,tmcmylerko@last.fm,Room 898
746,Derry,Tourot,dtourotkp@photobucket.com,1st Floor
747,Harman,Leither,hleitherkq@bloglovin.com,Suite 64
748,Daven,Screase,dscreasekr@umich.edu,Room 277
749,Jermaine,Martyntsev,jmartyntsevks@upenn.edu,7th Floor
750,Gilly,Schiell,gschiellkt@deviantart.com,Suite 5
751,Glenden,Paulazzi,gpaulazziku@fastcompany.com,PO Box 88970
752,Renell,Dudenie,rdudeniekv@yolasite.com,Apt 1791
753,Felicia,Dulieu,fdulieukw@hubpages.com,Room 479
754,Torey,Sawell,tsawellkx@so-net.ne.jp,Room 1943
755,Corry,Clemenza,cclemenzaky@ebay.com,Apt 782
756,Corliss,Baty,cbatykz@netvibes.com,18th Floor
757,Michal,Leys,mleysl0@gnu.org,1st Floor
758,Garland,Rustan,grustanl1@geocities.jp,4th Floor
759,Dalston,Bussen,dbussenl2@nba.com,Apt 1565
760,Ezra,Manwaring,emanwaringl3@taobao.com,PO Box 99980
761,Blane,Ackerman,backermanl4@usa.gov,Room 398
762,Alvera,Mathe,amathel5@technorati.com,Room 1208
763,Abe,Vest,avestl6@usgs.gov,Apt 1178
764,Barbie,Onion,bonionl7@spiegel.de,Suite 62
765,Sunny,Di Biasio,sdibiasiol8@google.cn,4th Floor
766,Peggi,Clousley,pclousleyl9@businessinsider.com,PO Box 94447
767,Amalita,Muzzlewhite,amuzzlewhitela@skyrock.com,PO Box 74771
768,Alia,Jovic,ajoviclb@instagram.com,Room 913
769,Raynard,Gave,rgavelc@opensource.org,Suite 5
770,Morganne,Gaythwaite,mgaythwaiteld@cafepress.com,PO Box 11713
771,Angil,Adie,aadiele@abc.net.au,PO Box 35477
772,Sophi,Gurdon,sgurdonlf@dell.com,11th Floor
773,Sibelle,Strauss,sstrausslg@rakuten.co.jp,Room 271
774,Marlo,Demaid,mdemaidlh@nih.gov,PO Box 81633
775,Antin,Aaronsohn,aaaronsohnli@gmpg.org,Suite 38
776,Gerome,McMurtyr,gmcmurtyrlj@bbc.co.uk,Room 190
777,Jeana,Churn,jchurnlk@disqus.com,Suite 99
778,Lammond,Salla,lsallall@uol.com.br,Suite 58
779,Felisha,Elvidge,felvidgelm@comsenz.com,Suite 66
780,Caleb,Pickerill,cpickerillln@fc2.com,Apt 1266
781,Bondie,Velti,bveltilo@miitbeian.gov.cn,Room 1667
782,Vern,Stonebanks,vstonebankslp@creativecommons.org,PO Box 70332
783,May,Lindbergh,mlindberghlq@cdbaby.com,10th Floor
784,Jordanna,Aldington,jaldingtonlr@eventbrite.com,Apt 74
785,Manny,Gorwood,mgorwoodls@symantec.com,PO Box 76933
786,Yolane,Inchan,yinchanlt@unicef.org,3rd Floor
787,Cherish,Gobat,cgobatlu@com.com,18th Floor
788,Eve,Kensley,ekensleylv@creativecommons.org,Suite 26
789,Hilton,Delieu,hdelieulw@mayoclinic.com,Suite 67
790,Miltie,Ockland,mocklandlx@wordpress.org,Apt 969
791,Haleigh,Rozzier,hrozzierly@people.com.cn,13th Floor
792,Tommy,Hay,thaylz@cam.ac.uk,Apt 92
793,Shermie,Celez,scelezm0@bloomberg.com,Room 824
794,Libbie,Molines,lmolinesm1@weebly.com,Room 714
795,Cindy,Alben,calbenm2@sitemeter.com,Apt 1382
796,Lanae,Aisthorpe,laisthorpem3@globo.com,Apt 951
797,Aila,Serrurier,aserrurierm4@soundcloud.com,Suite 78
798,Henri,Allnutt,hallnuttm5@weibo.com,Apt 149
799,Brinna,Kurtis,bkurtism6@etsy.com,Room 1077
800,Barnebas,Gjerde,bgjerdem7@fotki.com,15th Floor
801,Francisca,Longfield,flongfieldm8@flickr.com,Suite 92
802,Cammy,Jozefczak,cjozefczakm9@upenn.edu,PO Box 80791
803,Carmine,Syphus,csyphusma@tinypic.com,Room 1087
804,Liesa,Heiss,lheissmb@live.com,PO Box 5502
805,Frederico,Pounder,fpoundermc@washingtonpost.com,Apt 769
806,Gilligan,McKiernan,gmckiernanmd@google.com.au,Apt 134
807,Tull,Cogzell,tcogzellme@godaddy.com,Room 825
808,Jamill,Miklem,jmiklemmf@china.com.cn,Suite 16
809,Penni,Ren,prenmg@pbs.org,Room 618
810,Ryley,Kensit,rkensitmh@qq.com,Suite 100
811,Thaine,Rignall,trignallmi@wikipedia.org,Room 1478
812,Alexio,Carp,acarpmj@wufoo.com,Room 1629
813,Kyle,Anderbrugge,kanderbruggemk@amazonaws.com,Apt 453
814,Boycey,Waymont,bwaymontml@zimbio.com,2nd Floor
815,Tabby,Gater,tgatermm@myspace.com,Suite 36
816,Tori,Carlill,tcarlillmn@360.cn,20th Floor
817,Cris,Klimpke,cklimpkemo@topsy.com,Suite 47
818,Ardelis,Deering,adeeringmp@com.com,Apt 1808
819,Damiano,Kayzer,dkayzermq@china.com.cn,PO Box 14990
820,Hilarius,Hassett,hhassettmr@t-online.de,Room 778
821,Irvin,Joselin,ijoselinms@si.edu,16th Floor
822,Elaine,Bowditch,ebowditchmt@archive.org,PO Box 25385
823,Margalo,Vedenyapin,mvedenyapinmu@webnode.com,Suite 61
824,Meghann,Dowsey,mdowseymv@howstuffworks.com,PO Box 87586
825,Gerti,Dodgshun,gdodgshunmw@mysql.com,11th Floor
826,Craig,Byer,cbyermx@dot.gov,PO Box 70322
827,Beryl,Wass,bwassmy@fastcompany.com,7th Floor
828,Ware,Aldren,waldrenmz@google.com.au,4th Floor
829,Boothe,Batcock,bbatcockn0@nba.com,Room 105
830,Ezri,Hunnisett,ehunnisettn1@drupal.org,PO Box 42612
831,Stephi,Leather,sleathern2@newyorker.com,Suite 90
832,Garland,Feenan,gfeenann3@cloudflare.com,Apt 752
833,Laurette,Battany,lbattanyn4@apple.com,PO Box 89096
834,Jeanine,Arni,jarnin5@timesonline.co.uk,Suite 58
835,Bill,Leverington,bleveringtonn6@diigo.com,Apt 1008
836,Salli,Lewnden,slewndenn7@tuttocitta.it,Apt 374
837,Ravi,Cokly,rcoklyn8@nydailynews.com,5th Floor
838,Bartolemo,Elster,belstern9@youku.com,Room 1166
839,Sena,Giacoppoli,sgiacoppolina@nyu.edu,Apt 463
840,Ely,Tomaselli,etomasellinb@usgs.gov,5th Floor
841,Giacomo,McGerr,gmcgerrnc@hc360.com,Room 313
842,Herschel,Keyse,hkeysend@de.vu,Room 1874
843,Nari,Arangy,narangyne@usnews.com,Suite 77
844,Corbet,Monkeman,cmonkemannf@squidoo.com,PO Box 78227
845,Peta,MacAllester,pmacallesterng@wsj.com,11th Floor
846,Ericka,Madill,emadillnh@businessweek.com,Suite 81
847,Cletus,Pickford,cpickfordni@histats.com,20th Floor
848,Linnell,Zecchinelli,lzecchinellinj@scribd.com,7th Floor
849,Cleo,Fallowfield,cfallowfieldnk@google.it,PO Box 62405
850,Andreana,Waryk,awaryknl@nytimes.com,Room 551
851,Shelby,Agott,sagottnm@biglobe.ne.jp,PO Box 83094
852,Everett,McGeagh,emcgeaghnn@zimbio.com,Apt 1340
853,Muhammad,Reucastle,mreucastleno@hhs.gov,Suite 99
854,Andrea,Reeves,areevesnp@whitehouse.gov,Room 433
855,Babs,Ryde,brydenq@wordpress.org,Suite 71
856,Clemence,Morter,cmorternr@dailymotion.com,Suite 5
857,Callida,Lemery,clemeryns@gnu.org,Room 534
858,Wilmette,Martyntsev,wmartyntsevnt@nymag.com,12th Floor
859,Brunhilda,Kenwright,bkenwrightnu@cdc.gov,Suite 97
860,Domingo,Hatherley,dhatherleynv@blinklist.com,PO Box 13238
861,Clarette,Agiolfinger,cagiolfingernw@kickstarter.com,Apt 24
862,Chevalier,Dawid,cdawidnx@blinklist.com,1st Floor
863,Quincy,Jersch,qjerschny@goodreads.com,Apt 1760
864,Modesta,Lineker,mlinekernz@smugmug.com,Apt 1196
865,Mord,McMurty,mmcmurtyo0@wix.com,PO Box 56250
866,Philbert,Wybron,pwybrono1@phpbb.com,Apt 1500
867,Osbourne,Gomes,ogomeso2@netvibes.com,Suite 86
868,Renata,Perceval,rpercevalo3@sphinn.com,Apt 803
869,Salaidh,Bodycombe,sbodycombeo4@ning.com,11th Floor
870,Abe,O'Towey,aotoweyo5@bigcartel.com,7th Floor
871,Inna,Slewcock,islewcocko6@taobao.com,Apt 1648
872,Fairfax,Sambells,fsambellso7@printfriendly.com,Suite 85
873,Ted,Elder,teldero8@chronoengine.com,PO Box 10421
874,Ezechiel,Leither,eleithero9@loc.gov,Suite 87
875,Cherilyn,Greenhill,cgreenhilloa@123-reg.co.uk,Suite 91
876,Tremayne,Tapscott,ttapscottob@nbcnews.com,Room 1256
877,Farrel,St. John,fstjohnoc@sitemeter.com,Apt 1430
878,Shea,Whitlow,swhitlowod@godaddy.com,PO Box 94641
879,Rozalie,Tatlock,rtatlockoe@topsy.com,Room 1837
880,Shayna,Sawtell,ssawtellof@istockphoto.com,PO Box 43850
881,Malvina,Allington,mallingtonog@zimbio.com,Room 927
882,Raven,Irnys,rirnysoh@gmpg.org,17th Floor
883,Myriam,Holttom,mholttomoi@google.es,Suite 37
884,Peg,Stonner,pstonneroj@twitpic.com,Apt 78
885,Gabie,Clelland,gclellandok@redcross.org,Room 1028
886,Clareta,Bellard,cbellardol@addthis.com,19th Floor
887,Caralie,Pamplin,cpamplinom@exblog.jp,Suite 85
888,Trudi,Scrimshaw,tscrimshawon@nbcnews.com,Suite 42
889,Chrysler,Reightley,creightleyoo@infoseek.co.jp,Suite 62
890,Urbain,Caizley,ucaizleyop@sourceforge.net,17th Floor
891,Rozalie,Chater,rchateroq@vimeo.com,Suite 6
892,Giustino,Frays,gfraysor@nsw.gov.au,5th Floor
893,Suzanna,Battrick,sbattrickos@networkadvertising.org,Suite 43
894,Yanaton,Davioud,ydavioudot@gnu.org,Apt 535
895,Nanine,Pendrey,npendreyou@ezinearticles.com,PO Box 94453
896,Koren,Pound,kpoundov@dell.com,Suite 27
897,Benedict,Brockbank,bbrockbankow@4shared.com,Room 360
898,Florette,Bruford,fbrufordox@psu.edu,Suite 82
899,Jenilee,Deeson,jdeesonoy@reuters.com,Apt 596
900,Byrom,Sneaker,bsneakeroz@jigsy.com,13th Floor
901,Gaultiero,Cudby,gcudbyp0@adobe.com,Suite 59
902,Kass,Gunny,kgunnyp1@gizmodo.com,PO Box 36388
903,Minnnie,Chittock,mchittockp2@weather.com,Apt 1974
904,Kelci,Armatage,karmatagep3@jalbum.net,Room 1591
905,Stafani,Cattroll,scattrollp4@google.com.br,PO Box 39994
906,Orsola,Kurdani,okurdanip5@aboutads.info,Apt 382
907,Fabien,Huckabe,fhuckabep6@mit.edu,Suite 25
908,Gerta,Bowie,gbowiep7@auda.org.au,PO Box 35197
909,Tabbi,Overill,toverillp8@berkeley.edu,Suite 11
910,Fawn,McShirrie,fmcshirriep9@deliciousdays.com,Room 1246
911,Karmen,Ruffey,kruffeypa@slate.com,Apt 1588
912,Elspeth,Dowson,edowsonpb@hexun.com,Apt 374
913,Boy,Cowpe,bcowpepc@cnbc.com,PO Box 28213
914,Gloriana,Holyard,gholyardpd@deviantart.com,Suite 61
915,Ame,McCooke,amccookepe@deliciousdays.com,Apt 1549
916,Caryn,Rizzi,crizzipf@myspace.com,PO Box 9980
917,Lynn,Chittie,lchittiepg@imgur.com,8th Floor
918,Patten,Redgrove,predgroveph@nih.gov,Suite 21
919,Daniele,Muneely,dmuneelypi@goodreads.com,Suite 10
920,Baxter,Keer,bkeerpj@123-reg.co.uk,Room 1384
921,Marlee,Beldum,mbeldumpk@walmart.com,Suite 99
922,Denna,Feathersby,dfeathersbypl@deviantart.com,Room 852
923,Cariotta,Liptrod,cliptrodpm@bbc.co.uk,9th Floor
924,Gerick,Defries,gdefriespn@infoseek.co.jp,PO Box 52494
925,Nannie,Hattoe,nhattoepo@tuttocitta.it,Apt 1742
926,Emily,Rooms,eroomspp@sourceforge.net,PO Box 64845
927,Burnard,Brave,bbravepq@shinystat.com,1st Floor
928,Maurene,Pettyfar,mpettyfarpr@hhs.gov,Room 1089
929,Kip,Bainbridge,kbainbridgeps@nationalgeographic.com,PO Box 59631
930,Midge,Ferreli,mferrelipt@washington.edu,19th Floor
931,Thadeus,Odlin,todlinpu@home.pl,PO Box 37299
932,Mattie,Brewood,mbrewoodpv@examiner.com,20th Floor
933,Charles,Sainteau,csainteaupw@mozilla.com,Suite 100
934,Bruno,Crim,bcrimpx@zdnet.com,4th Floor
935,Linet,Maden,lmadenpy@eventbrite.com,Apt 714
936,Pamela,Cammocke,pcammockepz@icio.us,Suite 13
937,Renae,MacTrusty,rmactrustyq0@xing.com,Apt 135
938,Winny,Clitsome,wclitsomeq1@dion.ne.jp,PO Box 4436
939,Danica,Simionato,dsimionatoq2@infoseek.co.jp,9th Floor
940,Bennie,Nolli,bnolliq3@mlb.com,Room 1189
941,Creighton,Madoc-Jones,cmadocjonesq4@last.fm,7th Floor
942,Shayna,Jolley,sjolleyq5@soundcloud.com,PO Box 69461
943,Leigh,Van Cassel,lvancasselq6@slashdot.org,Suite 67
944,Lucia,Attree,lattreeq7@timesonline.co.uk,Room 581
945,Nata,Bright,nbrightq8@ca.gov,Room 1571
946,Garnet,Doole,gdooleq9@topsy.com,Suite 66
947,Ruperta,Emons,remonsqa@ow.ly,2nd Floor
948,Emiline,Sorey,esoreyqb@last.fm,6th Floor
949,Ginger,Devanny,gdevannyqc@pinterest.com,Suite 75
950,Phelia,Dawbury,pdawburyqd@nba.com,Suite 96
951,Becka,Monnery,bmonneryqe@europa.eu,PO Box 29112
952,Trever,Stemson,tstemsonqf@51.la,16th Floor
953,Benedetta,Brennenstuhl,bbrennenstuhlqg@vk.com,PO Box 3189
954,Maisie,Baison,mbaisonqh@timesonline.co.uk,Room 415
955,Aindrea,Carde,acardeqi@comsenz.com,PO Box 32143
956,Bonita,Quarles,bquarlesqj@vkontakte.ru,6th Floor
957,Gerri,Thorrold,gthorroldqk@youku.com,PO Box 33619
958,Juditha,Lowry,jlowryql@hugedomains.com,Apt 1390
959,Bentlee,Nicely,bnicelyqm@usatoday.com,PO Box 85415
960,Kathi,Boyce,kboyceqn@free.fr,Suite 78
961,Dierdre,Jacombs,djacombsqo@delicious.com,13th Floor
962,Paquito,Edington,pedingtonqp@goo.gl,Room 607
963,Natala,Gatman,ngatmanqq@geocities.com,PO Box 72485
964,Ely,Seymour,eseymourqr@t.co,Suite 45
965,Melisenda,Wrey,mwreyqs@lycos.com,Suite 16
966,Donnie,Swalwell,dswalwellqt@hp.com,4th Floor
967,Kellia,Lording,klordingqu@spotify.com,Suite 98
968,Mitchell,Ettery,metteryqv@dailymail.co.uk,15th Floor
969,Brigid,Currum,bcurrumqw@mayoclinic.com,Suite 63
970,Frannie,McLoughlin,fmcloughlinqx@yellowbook.com,8th Floor
971,Bastien,Wombwell,bwombwellqy@answers.com,PO Box 51933
972,Harriett,Trye,htryeqz@pbs.org,Room 238
973,Kiersten,Stegers,kstegersr0@huffingtonpost.com,Suite 23
974,Sibeal,Entres,sentresr1@opensource.org,Apt 483
975,Michele,Roome,mroomer2@soundcloud.com,Room 1069
976,Cornela,Welham,cwelhamr3@e-recht24.de,Apt 929
977,Kial,Dennick,kdennickr4@latimes.com,20th Floor
978,Irwin,Dobrovolski,idobrovolskir5@umn.edu,PO Box 21673
979,Leticia,Lake,llaker6@godaddy.com,Room 1038
980,Wilek,Dissman,wdissmanr7@facebook.com,Apt 899
981,Linzy,O'Fallowne,lofallowner8@chronoengine.com,Room 277
982,Dynah,Feeley,dfeeleyr9@e-recht24.de,PO Box 50252
983,Marchelle,Izatt,mizattra@t-online.de,Apt 673
984,Ottilie,Schooling,oschoolingrb@gizmodo.com,15th Floor
985,Dulcea,Spragg,dspraggrc@marketwatch.com,Apt 34
986,Tailor,Sappell,tsappellrd@exblog.jp,19th Floor
987,Imojean,Bubbear,ibubbearre@mtv.com,Suite 14
988,Dasya,Moyles,dmoylesrf@cisco.com,PO Box 56951
989,Denys,Hembrow,dhembrowrg@diigo.com,PO Box 13362
990,Cesya,Beviss,cbevissrh@state.gov,Apt 1973
991,Ulick,Galero,ugalerori@elegantthemes.com,PO Box 76793
992,Teddie,Memory,tmemoryrj@opensource.org,Room 933
993,Gui,Iacovelli,giacovellirk@yandex.ru,15th Floor
994,Steffi,Horley,shorleyrl@washingtonpost.com,PO Box 45241
995,Guillema,Bousler,gbouslerrm@devhub.com,Apt 1164
996,Gerhardt,Bangiard,gbangiardrn@army.mil,Apt 429
997,Jeniece,Inchan,jinchanro@clickbank.net,17th Floor
998,Anna-diane,Aguirrezabala,aaguirrezabalarp@mayoclinic.com,Suite 91
999,Gris,Dicken,gdickenrq@example.com,Suite 51
1000,Jonis,Deering,jdeeringrr@dyndns.org,Room 477
